{"cameraMode":{"drawMode":0,"name":"Shaded","section":"Shading Mode"},"sceneLighting":true,"audioPlay":false,"sceneViewState":{"m_AlwaysRefresh":false,"showFog":true,"showSkybox":true,"showFlares":true,"showImageEffects":true,"showParticleSystems":true,"showVisualEffectGraphs":true,"m_FxEnabled":true},"in2DMode":false,"pivot":{"x":5.638215065002441,"y":-3.811095714569092,"z":5.452354431152344},"rotation":{"x":-0.08479524403810501,"y":0.00837709940969944,"z":-0.0007122015813365579,"w":-0.996365487575531},"size":7.9298272132873539,"orthographic":false}